/*
SQLyog Enterprise - MySQL GUI v8.14 
MySQL - 5.0.24-community-nt : Database - onlinetest
*********************************************************************
*/

/*!40101 SET NAMES utf8 */;

/*!40101 SET SQL_MODE=''*/;

/*!40014 SET @OLD_UNIQUE_CHECKS=@@UNIQUE_CHECKS, UNIQUE_CHECKS=0 */;
/*!40014 SET @OLD_FOREIGN_KEY_CHECKS=@@FOREIGN_KEY_CHECKS, FOREIGN_KEY_CHECKS=0 */;
/*!40101 SET @OLD_SQL_MODE=@@SQL_MODE, SQL_MODE='NO_AUTO_VALUE_ON_ZERO' */;
/*!40111 SET @OLD_SQL_NOTES=@@SQL_NOTES, SQL_NOTES=0 */;
CREATE DATABASE /*!32312 IF NOT EXISTS*/`onlinetest` /*!40100 DEFAULT CHARACTER SET latin1 */;

USE `onlinetest`;

/*Table structure for table `city` */

DROP TABLE IF EXISTS `city`;

CREATE TABLE `city` (
  `id` int(20) default NULL,
  `city` varchar(20) default NULL
) ENGINE=InnoDB DEFAULT CHARSET=latin1;

/*Data for the table `city` */

/*Table structure for table `firetest` */

DROP TABLE IF EXISTS `firetest`;

CREATE TABLE `firetest` (
  `f_id` int(11) NOT NULL auto_increment,
  `test_id` int(11) default NULL,
  `date` date default NULL,
  `start_time` varchar(20) default NULL,
  `end_time` varchar(20) default NULL,
  PRIMARY KEY  (`f_id`)
) ENGINE=InnoDB DEFAULT CHARSET=latin1;

/*Data for the table `firetest` */

insert  into `firetest`(`f_id`,`test_id`,`date`,`start_time`,`end_time`) values (1,1,'2017-09-11','10:00','22:00'),(2,1,'2017-09-14','12:00','23:00'),(3,2,'2017-10-28','10:00','22:00');

/*Table structure for table `question` */

DROP TABLE IF EXISTS `question`;

CREATE TABLE `question` (
  `stid` int(11) default NULL,
  `Question` longtext,
  `A` varchar(200) default NULL,
  `B` varchar(200) default NULL,
  `C` varchar(200) default NULL,
  `D` varchar(200) default NULL,
  `ans` varchar(10) default NULL,
  `marking` int(11) default NULL,
  `qid` int(10) NOT NULL auto_increment,
  PRIMARY KEY  (`qid`)
) ENGINE=InnoDB DEFAULT CHARSET=latin1;

/*Data for the table `question` */

insert  into `question`(`stid`,`Question`,`A`,`B`,`C`,`D`,`ans`,`marking`,`qid`) values (1,'Given the code. What is the result?\r\n\r\n     int i = 10;\r\n     while (++i <= 10)\r\n \r\n     {\r\n         i++;\r\n     }\r\n\r\n      System.out.print(i);','10','11','12','Line 5 will be never reached.','A',1,1),(1,'Given the code. What is the output?\r\n\r\n    public class Test \r\n\r\n    { \r\n    \r\n    int a = 10;\r\n    \r\n    public void doStuff(int a) \r\n    {\r\n        a += 1;\r\n        System.out.println(++a);\r\n    }\r\n    public static void main(String args[]) {\r\n        Test t = new Test();\r\n        t.doStuff(3);\r\n\r\n    }\r\n}','4','5','12','11','A',1,2),(1,'Given the code. Which statements are true? (Select two)\r\npublic class Hotel {         \r\n\r\n        public static void book() {\r\n                //some code goes here\r\n        }\r\n        \r\n        public void cancelBooking() {\r\n                //some code goes here\r\n        }       \r\n}      ','Method book() can directly call method cancelBooking()','Method cancelBooking() can directly call method book()','Hotel.book() is a valid invocation of book()','Hotel.cancelBooking() is a valid invocation of cancelBooking()','A',1,4),(1,'Which method is used to perform DML statements in JDBC ?','execute()','executeUpdate()','executeQuery()',' None of above','A',1,5),(1,'The JDBC-ODBC bridge is ?','Multithreaded','Singlethreaded','Both of above','None of above','A',1,6),(4,'Given the code. What is the result?\r\nimport java.util.Collections;\r\nimport java.util.LinkedList;\r\nimport java.util.List;\r\n\r\npublic class HashTest {\r\n    \r\n    private String str;\r\n    \r\n    public HashTest(String str) {\r\n        this.str = str;\r\n    }\r\n    \r\n    @Override\r\n    public String toString() {\r\n        return this.str;\r\n    }\r\n        \r\n    public static void main(String args[]) {\r\n        HashTest h1 = new HashTest(\"2\");        \r\n        String s1 = new String(\"1\");        \r\n        \r\n        List<Object> list = new LinkedList<Object>();\r\n        list.add(h1);\r\n        list.add(s1);\r\n        \r\n        Collections.sort(list);\r\n        for (Object o : list) {\r\n            System.out.print(o + \" \");\r\n        }\r\n    }\r\n}','\"2 1\" is printed.','\"1 2\" is printed.','Compilation fails.','An exception is thrown at runtime.','A',1,7),(1,'To run a compiled Java program, the machine must have what loaded and running?','Java virtual machine','Java compiler','Java bytecode','A Web browser','A',1,8),(1,'Given the code. What is the result?\r\nclass Small {\r\n\r\n        public Small() {\r\n\r\n        System.out.print(\"a \");\r\n    }\r\n}\r\n\r\nclass Small2  extends Small {\r\n    public Small2() {\r\n        System.out.print(\"b \");\r\n    }\r\n}\r\n\r\nclass Small3 extends Small2 {\r\n    public Small3() {\r\n        System.out.print(\"c \");\r\n    }\r\n}\r\n\r\npublic class Test {     \r\n    public static void main(String args[]) {\r\n        new Small3();\r\n    }\r\n}','a','c','a b c',' c b a','A',1,9),(1,' The ........................ object allows you to execute parametrized queries ?','ResultSet','Parametrized','PreparedStatement',' Condition','A',1,10),(1,'The ................................ method executes a simple query and returns a single Result Set object.','executeUpdate()','executeQuery()','execute()','noexecute()','A',1,11),(1,'public static void main(String args[]) {\r\n\r\n        String str = null;\r\n\r\n        if (str == null) {\r\n            System.out.print(\"1\");\r\n        } else (str.length() == 0) {\r\n            System.out.print(\"2\");\r\n        } else {\r\n            System.out.print(\"3\");\r\n        }\r\n    }','Compilation fails.','\"1\" is printed.','\"3\" is printed.','An exception is thrown at runtime.','A',1,12),(1,'public class SuperHotel {\r\n    static int x[];\r\n    \r\n    static {\r\n        x[0] = 1;\r\n    }\r\n    \r\n    public static void main(String args[]) {        \r\n    }   \r\n}   ','ArrayIndexOutOfBoundsException is thrown','ExceptionInInitializerError is thrown','IllegalStateException is thrown','StackOverflowException is thrown','A',1,13),(4,' What will be the output?\r\n\r\n import java.util.*;\r\n public class Pippin {\r\n   public static void main(String argv[]){\r\n     TreeMap tm = new TreeMap();\r\n     tm.put(\"one\", new Integer(1));\r\n     tm.put(\"two\",new Integer(3));\r\n     tm.put(\"three\",new Integer(2));\r\n     Iterator it = tm.keySet().iterator();\r\n     while(it.hasNext()){\r\n        Integer iw = tm.get(it.next());\r\n        System.out.print(iw);\r\n     }\r\n  }\r\n\r\n}\r\n\r\nChoose the one below:\r\n','Compile time error at line 10','Compilation and output of 123','Compilation and output of the digits ?1?, ?2? and ?3?, but the order can?t be determined','Compilation but runtime error at line 10','A',1,14),(4,'Given the code. What is the result?\r\nimport java.util.Collections;\r\nimport java.util.LinkedList;\r\n\r\npublic class TryMe {\r\n    public static void main(String args[]) {\r\n        LinkedList<String> list = new LinkedList<String>();\r\n        list.add(\"BbB1\");\r\n        list.add(\"bBb2\");\r\n        list.add(\"bbB3\");\r\n        list.add(\"BBb4\");\r\n        Collections.sort(list);\r\n        for (String str : list) {\r\n            System.out.print(str + \":\");\r\n        }\r\n    }\r\n}','\"BbB1:bBb2:bbB3:BBb4:\" is printed.','\"BBb4:bbB3:bBb2:BbB1:\" is printed.','\"bbB3:bBb2:BbB1:BBb4:\" is printed','Compilation fails.','A',1,15),(1,'After execution of the code fragment below, what are the value of the variables x1, y1, and z1?\r\n\r\nint x=10; int y =10; int z=10; int x1, y1, z1;\r\nx1=++y;\r\ny1=z++;\r\nz1=z;\r\n\r\nChoose the one below:',' x1 = 10 , y1 = 10 and z1=10','x1 = 10, y1 = 11, and z1=10','x1=10, y1 = 10, and z1=11','x1=11, y1=10, and z1=11','A',1,16),(1,'package wrapper_boxing;\r\n\r\npublic class WrapperTest2 {\r\n\r\n	public static void main(String[] args) {\r\n		\r\n		Boolean bool1 = new Boolean(true);\r\n		Boolean bool2 = new Boolean(false);\r\n		Boolean bool3 = new Boolean(\"false\");\r\n		Boolean bool4 = new Boolean(bool1);\r\n		\r\n		System.out.println(bool1.equals(bool4));\r\n		System.out.println(bool2 == bool3);\r\n		System.out.println(bool1 == bool4);\r\n		\r\n	}\r\n}\r\n','The program will not compile because the creation of bool4 object will cause compilation error.','The program will produce the output \'true false false\'.','The program will produce the output \'true true true\'.','The program will output \'true false true\'.','A',1,17),(3,'.public class Cruiser implements Runnable {\r\n    \r\n    public void run() {\r\n        System.out.print(\"go\");\r\n    }\r\n    \r\n    public static void main(String arg[]) {\r\n        Thread t = new Thread(new Cruiser());\r\n        t.run();\r\n        t.run();\r\n        t.start();\r\n    }\r\n}',' Compilation fails.','An exception is thrown at runtime.','\"go\" is printed','\"gogo\" is printed','A',1,18),(4,'Given the code. What is the result?\r\nimport java.util.HashSet;\r\n\r\npublic class HashTest {\r\n    \r\n    private String str;\r\n    \r\n    public HashTest(String str) {\r\n        this.str = str;\r\n    }\r\n    \r\n    public static void main(String args[]) {\r\n        HashTest h1 = new HashTest(\"1\");\r\n        HashTest h2 = new HashTest(\"1\");\r\n        String s1 = new String(\"2\");\r\n        String s2 = new String(\"2\");\r\n        \r\n        HashSet<Object> hs = new HashSet<Object>();\r\n        hs.add(h1);\r\n        hs.add(h2);\r\n        hs.add(s1);\r\n        hs.add(s2);\r\n        \r\n        System.out.print(hs.size());\r\n    }\r\n}','\"4\" is printed.','\"3\" is printed.','\"2\" is printed.',' Compilation fails.','A',1,19),(1,'Give the code. What is the result?\r\nclass Hotel {\r\n    public int bookings;\r\n    public void book() {\r\n        bookings++;\r\n    }\r\n}\r\n\r\npublic class SuperHotel extends Hotel {\r\n    public void book() {\r\n        bookings--;\r\n    }\r\n    \r\n    public void book(int size) {\r\n        book();\r\n        super.book();\r\n        bookings += size;\r\n    }\r\n    \r\n    public static void main(String args[]) {\r\n        SuperHotel hotel = new SuperHotel();\r\n        hotel.book(2);\r\n        System.out.print(hotel.bookings);\r\n    }\r\n}','Compilation fails.','An exception is thrown at runtime.','0',' 2','A',1,21),(1,'Given the code. What is the result?\r\n\r\npublic class TrickyNum<X extends Object> {\r\n    \r\n    private X x;\r\n    \r\n    public TrickyNum(X x) {\r\n        this.x = x;\r\n    }\r\n    \r\n    private double getDouble() {\r\n        return x.doubleValue();\r\n    }\r\n    \r\n    public static void main(String args[]) {\r\n        TrickyNum<Integer> a = new TrickyNum<Integer>(new Integer(1));\r\n        System.out.print(a.getDouble());\r\n    }\r\n}','Compilation fails.','An exception is thrown at runtime','\"1.0\" is printed','\"1\" is printed.','A',1,22),(2,'What is true about has-a and is-a relationships?','Instance variables can be used when creating a has-a relationship.','Inheritance represents an is-a relationship.','Inheritance represents a has-a relationship.','Instances must be used when creating a has-a relationship.','A',1,25),(1,'Given the code. What is the output?\r\npublic class Test {     \r\n    int a = 10;\r\n    \r\n    public void doStuff(int a) {\r\n        a += 1;\r\n        System.out.println(a++);\r\n    }\r\n    public static void main(String args[]) {\r\n        Test t = new Test();\r\n        t.doStuff(3);\r\n    }\r\n}','11','12','4','5','A',1,26),(3,'What is the output for the below code ?\r\n\r\npublic class Test extends Thread{\r\n    public static void main(String argv[]){\r\n        Test  b = new Test();\r\n        b.start();\r\n    }\r\n    public void run(){      \r\n        System.out.println(\"Running\");\r\n    }\r\n}','Compilation clean and run but no output','Compilation and run with the output \"Running\"','Compile time error with complaint of no Thread import','Compile time error with complaint of no access to Thread package','A',1,27),(4,'Given the code. What is the result?\r\nimport java.util.*;\r\n\r\npublic class TryMe\r\n {\r\n    public static void main(String args[]) {\r\n\r\n        Queue<String> q = new PriorityQueue<String>();\r\n        q.add(\"3\");\r\n        q.add(\"1\");\r\n        q.add(\"2\");\r\n        System.out.print(q.poll() + \" \");\r\n        System.out.print(q.peek() + \" \");\r\n        System.out.print(q.peek());\r\n    }\r\n}',' 1 2 3','3 2 1',' 3 1 1','2 3 3','A',1,28),(3,'What is the output for the below code ?\r\n\r\npublic class Test{\r\n	public static void main(String argv[]){\r\n	Test1 pm1 = new Test1(\"One\");\r\n	pm1.run();\r\n	Test1 pm2 = new Test1(\"Two\");\r\n	pm2.run();\r\n\r\n	}\r\n}\r\n\r\nclass Test1 extends Thread{\r\nprivate String sTname=\"\";\r\nTest1(String s){\r\n	sTname = s;\r\n\r\n}\r\npublic void run(){\r\n	for(int i =0; i < 2 ; i++){\r\n		try{\r\n		 sleep(1000);\r\n		}catch(InterruptedException e){}\r\n\r\n		yield();\r\n		System.out.println(sTname);\r\n		}\r\n\r\n	}\r\n}\r\n','Compile error','One One Two Two','One Two One Two','One Two','A',1,29),(5,'Given the code. What is the result?\r\n\r\npublic class EmptyStringsTest {\r\n\r\n    public static boolean isEmpty(String s) {\r\n\r\n        return (s == null | s.length() == 0);\r\n    }\r\n\r\n    public static void main(String args[]) {\r\n        if (isEmpty(null)) {\r\n            System.out.print(\"empty \");\r\n        } else {\r\n            System.out.print(\"not_empty \");\r\n        }\r\n    }\r\n}','\"empty\" is printed','\"not_empty\" is printed','Compilation fails','An exception is thrown at runtime','A',1,30),(5,'.Given the code. What is the result?\r\nString test = \"This is a test string\";\r\nString[] tokens = test.split(\"\\s\");\r\nSystem.out.println(tokens.length);','0','5','21','Compilation fails','A',1,31),(3,'What is the output for the below code ?\r\n\r\npublic class Test extends Thread{\r\n\r\n    static String sName = \"good\";\r\n    public static void main(String argv[]){\r\n    	Test t = new Test();\r\n    t.nameTest(sName);\r\n    System.out.println(sName);\r\n    \r\n    }\r\n    public void nameTest(String sName){\r\n            sName = sName + \" idea \";\r\n             start();\r\n    }\r\n    public void run(){\r\n    \r\n    for(int i=0;i  <  4; i++){\r\n            sName = sName + \" \" + i;\r\n            \r\n    }\r\n    }\r\n\r\n}\r\n\r\n','good','good idea','good idea good idea','good 0 good 0 1','A',1,32),(3,'What is the output for the below code ?\r\n\r\npublic class B extends Thread{\r\npublic static void main(String argv[]){\r\nB b = new B();\r\nb.run();\r\n} \r\npublic void start(){\r\nfor (int i = 0; i < 10; i++){\r\nSystem.out.println(\"Value of i = \" + i); \r\n}  \r\n}\r\n}\r\n\r\n\r\n','A compile time error indicating that no run method is defined for the Thread class','A run time error indicating that no run method is defined for the Thread class','Clean compile and at run time the values 0 to 9 are printed out','Clean compile but no output at runtime','A',1,33),(1,'Given the code below. This code is run by \"java Test 1 2 3 4\". What is the result?\r\n\r\npublic class Test { \r\n\r\n    public static void main(String args[]) {\r\n\r\n        for (int i = 1; i < args.length; i++) {\r\n\r\n            System.out.print(i + \" \");\r\n        }\r\n    }\r\n}','Compilation fails.','An exception is thrown at runtime.','1 2','1 2 3','A',1,34),(2,'What is the output for the below code ?\r\n\r\npublic class A {\r\n	\r\n	public String getName() throws ArrayIndexOutOfBoundsException{\r\n		return \"Name-A\";\r\n	}\r\n	\r\n}\r\n	\r\npublic class C extends A{\r\n	\r\n	public String getName() throws Exception{\r\n		return \"Name-C\";\r\n	}\r\n\r\n}\r\n	\r\n	\r\npublic class Test {\r\n	public static void main(String... args) {\r\n		A a = new C();\r\n		a.getName();\r\n	}\r\n	\r\n}\r\n\r\n','Compile with error','Name-A','Name-C','Runtime Exception','A',1,35),(4,'Will this code compile successfully? (1 correct answer)\r\n\r\nList<? extends Number> list1 = null;\r\nList<Integer> list2 = null;\r\nlist1 = list2;\r\n','yes','no','error','None of the above.','A',1,36),(2,'What is the output for the below code ?\r\n\r\npublic class C {\r\n\r\n}\r\n\r\npublic class D extends C{\r\n\r\n}\r\n\r\npublic class A {\r\n	\r\n	public C getOBJ(){\r\n		System.out.println(\"class A - return C\");\r\n		return new C();\r\n		\r\n	}\r\n\r\n}\r\n\r\npublic class B extends A{\r\n	\r\n	public D getOBJ(){\r\n		System.out.println(\"class B - return D\");\r\n		return new D();\r\n		\r\n	}\r\n\r\n}\r\n\r\npublic class Test {\r\n\r\npublic static void main(String... args) {\r\n     A a = new B();\r\n     a.getOBJ();\r\n	\r\n     }\r\n}\r\n','Compile with error - Not allowed to override the return type of a method with a subtype of the original type.','class A - return C','class B - return D','Runtime Exception','A',1,37),(4,'Will this code compile successfully? (1 correct answer)\r\n\r\nSortedSet<? super Number> set1 = null;\r\nSortedSet<Integer> set2 = null;\r\nset1 = set2;','yes','no ','eorror','None of the above.','A',1,38),(5,'ublic class B {\r\n	\r\n	public String getCountryName(){\r\n		return \"USA\";\r\n	}\r\n	\r\n	public StringBuffer getCountryName(){\r\n		StringBuffer sb = new StringBuffer();\r\n		sb.append(\"UK\");\r\n		return sb;\r\n	}\r\n	\r\n	\r\n	public static void main(String[] args){\r\n		B b = new B();\r\n		System.out.println(b.getCountryName().toString());\r\n	}\r\n\r\n}\r\n\r\n','Compile with error','USA','UK','Runtime Exception','A',1,39),(1,'Which of the following choices is the correct syntax for declaring/initializing an array of integers?','int[10] a = new int[10];','int[] a = new int[10];','[]int a = [10]int;','int a[10];','A',1,40),(4,'What is the output for the below code ?\r\n\r\nimport java.util.LinkedList;\r\nimport java.util.Queue;\r\n\r\n\r\npublic class Test {\r\n	public static void main(String... args) {\r\n        \r\n		\r\n		\r\n		Queue q = new LinkedList();\r\n		        q.add(\"newyork\");\r\n		        q.add(\"ca\");\r\n		        q.add(\"texas\");\r\n		        show(q);\r\n		    }\r\n		\r\n		    public static void show(Queue q) {\r\n		        q.add(new Integer(11));\r\n		        while (!q.isEmpty ( ) )\r\n		            System.out.print(q.poll() + \"  \");\r\n		    }\r\n\r\n\r\n}\r\n\r\n\r\n','Compile error : Integer can\'t add','newyork  ca  texas  11','newyork  ca  texas','newyork  ca ','A',1,41),(1,'What is the output of this program?\r\n\r\n        import java.util.*;\r\n\r\n        class Array {\r\n\r\n            public static void main(String args[]) {\r\n\r\n                int array[] = new int [5];\r\n\r\n                for (int i = 5; i > 0; i--)\r\n\r\n                    array[5-i] = i;\r\n\r\n                Arrays.fill(array, 1, 4, 8);\r\n\r\n                for (int i = 0; i < 5 ; i++)\r\n\r\n                    System.out.print(array[i]);\r\n\r\n            }\r\n\r\n        }','12885','12845','58881','54881','A',1,42),(4,'.What is the output for the below code ?\r\npublic class Test {\r\n\r\n    \r\n    public static void main(String argv[]){\r\n    	 \r\n    	ArrayList list = new ArrayList(); \r\n    	ArrayList listStr = list; \r\n    	ArrayList listBuf = list; \r\n    	listStr.add(0, \"Hello\"); \r\n    	StringBuffer buff = listBuf.get(0); \r\n       System.out.println(buff.toString());\r\n    }\r\n\r\n}','Hello','Compile error','java.lang.ClassCastException','null','A',1,43),(4,'What is the output of this program?\r\n\r\n        import java.util.*;\r\n\r\n        class vector {\r\n\r\n            public static void main(String args[]) {\r\n\r\n                Vector obj = new Vector(4,2);\r\n\r\n                obj.addElement(new Integer(3));\r\n\r\n                obj.addElement(new Integer(2));\r\n\r\n                obj.addElement(new Integer(5));\r\n\r\n                obj.removeAll(obj);\r\n\r\n                System.out.println(obj.isEmpty());\r\n\r\n            }\r\n\r\n        }','0','1','true','false','A',1,44),(4,'Synchronized resizable-array implementation of the List interface is _____________?\r\n','Vector','ArrayList','Hashtable','HashMap','A',1,45),(4,'What is the output for the below code ?\r\n\r\npublic class NameBean {\r\n	private String str;\r\n	\r\n	NameBean(String str ){\r\n		this.str = str;\r\n	}\r\n	\r\n	public String toString() {\r\n		return str;\r\n	}\r\n}								\r\n								\r\nimport java.util.HashSet;\r\n\r\npublic class CollClient {\r\n	\r\n	public static void main(String ... sss) {\r\n		HashSet myMap = new HashSet();\r\n		String s1 = new String(\"das\");\r\n		String s2 = new String(\"das\");\r\n	NameBean s3 = new NameBean(\"abcdef\");\r\n	NameBean s4 = new NameBean(\"abcdef\");\r\n		\r\n		myMap.add(s1);\r\n		myMap.add(s2);\r\n		myMap.add(s3);\r\n		myMap.add(s4);\r\n		\r\n		System.out.println(myMap);\r\n	}	\r\n}\r\n\r\n','das abcdef abcdef','das das abcdef abcdef','das abcdef','abcdef abcdef','A',1,46),(8,'Which of these is a process of writing the state of an object to a byte stream?','Serialization','Externalization','File Filtering','All of the mentioned','A',1,47),(4,'import java.util.*;\r\n\r\nclass Empty {   \r\n}\r\n\r\nclass Extended extends Empty {  \r\n}\r\n\r\npublic class TryMe {    \r\n        public static void doStuff1(List<Empty> list) {\r\n                // some code\r\n        }\r\n        public static void doStuff2(List list) {        \r\n                // some code\r\n        }\r\n        public static void doStuff3(List<? extends Empty> list) {\r\n                // some code            \r\n        }\r\n        \r\n        public static void main(String args[]) {\r\n                List<Empty> list1 = new LinkedList<Empty>();\r\n                List<Extended> list2 = new LinkedList<Extended>();\r\n                \r\n                // more code here\r\n        }\r\n}','doStuff1(list1);','doStuff2(list2);','doStuff2(list1);','doStuff3(list1);','A',1,48),(1,'What will this code print?\r\nint arr[] = new int [5];\r\nSystem.out.print(arr);','0','0000','value stored in arr[0].','Garbage value','A',1,49),(1,'What is the output of this program?\r\n\r\n        class array_output {\r\n\r\n            public static void main(String args[]) \r\n\r\n            {\r\n\r\n                int array_variable [] = new int[10];\r\n\r\n    	    for (int i = 0; i < 10; ++i) {\r\n\r\n                    array_variable[i] = i;\r\n\r\n                    System.out.print(array_variable[i] + \" \");\r\n\r\n                    i++;\r\n\r\n                }\r\n\r\n            } \r\n\r\n        }',' 0 2 4 6 8','0 1 2 3 4 5 6 7 8 9','1 3 5 7 9','1 2 3 4 5 6 7 8 9 10','A',1,50),(2,'public class Hotel {\r\n    \r\n    public static void book(short a) {\r\n        System.out.print(\"short \");\r\n    }\r\n    \r\n    public static void book(Short a) {\r\n        System.out.print(\"SHORT \");\r\n    }\r\n    \r\n    public static void book(Long a) {\r\n        System.out.print(\"LONG \");\r\n    }\r\n    \r\n    public static void main(String[] args) {\r\n        short shortRoom = 1;\r\n        int intRoom = 2;\r\n        \r\n        book(shortRoom);\r\n        book(intRoom);\r\n    }\r\n}',' SHORT LONG',' short LONG',' Compilation fails','An exception is thrown at runtime','A',1,51),(1,'class multidimention_array {\r\n\r\n            public static void main(String args[])\r\n\r\n            {\r\n\r\n                int arr[][] = new int[3][];\r\n\r\n                arr[0] = new int[1];\r\n\r\n                arr[1] = new int[2];\r\n\r\n                arr[2] = new int[3];               \r\n\r\n    	    int sum = 0;\r\n\r\n    	    for (int i = 0; i < 3; ++i) \r\n\r\n    	        for (int j = 0; j < i + 1; ++j)\r\n\r\n                        arr[i][j] = j + 1;\r\n\r\n    	    for (int i = 0; i < 3; ++i) \r\n\r\n    	        for (int j = 0; j < i + 1; ++j)\r\n\r\n                        sum + = arr[i][j];\r\n\r\n    	    System.out.print(sum); 	\r\n\r\n            } \r\n\r\n        }','11','10','13','14','A',1,52),(3,'public class Cruiser implements Runnable {\r\n    public static void main(String[] args) {\r\n        Thread a = new Thread(new Cruiser());\r\n        a.start();\r\n        \r\n        System.out.print(\"Begin\");\r\n        a.join();\r\n        System.out.print(\"End\");\r\n    }\r\n    \r\n    public void run() {\r\n        System.out.print(\"Run\");\r\n    }\r\n}','Compilation fails.','An exception is thrown at runtime.','\"BeginRunEnd\" is printed.','\"BeginEnd\" is printed.','A',1,53),(1,'What is the output of this program?\r\n\r\n        class evaluate {\r\n\r\n            public static void main(String args[]) \r\n\r\n                {\r\n\r\n    	        int arr[] = new int[] {0 , 1, 2, 3, 4, 5, 6, 7, 8, 9};\r\n\r\n    	        int n = 6;\r\n\r\n                    n = arr[arr[n] / 2];\r\n\r\n    	        System.out.println(arr[n] / 2);\r\n\r\n                } \r\n\r\n        }','3','0','6','1','A',1,54),(3,'Which of these method can be used to make the main thread to be executed last among all the threads?','stop()','sleep()','join()','call()','A',1,55),(3,'What is the default value of priority variable MIN_PRIORITY AND MAX_PRIORITY?','0 & 256','1 & 10','0 & 1','1 & 256','A',1,56),(3,'Which of these method waits for the thread to treminate?','sleep()','isAlive()','join()','stop()','A',1,57),(4,'mport java.util.*;\r\n\r\n        class Maps {\r\n\r\n            public static void main(String args[]) {\r\n\r\n                TreeMap obj = new TreeMap();\r\n\r\n                obj.put(\"A\", new Integer(1));\r\n\r\n                obj.put(\"B\", new Integer(2));\r\n\r\n                obj.put(\"C\", new Integer(3));\r\n\r\n                System.out.println(obj.entrySet());\r\n\r\n            }\r\n\r\n        }','[A, B, C]','[1, 2, 3]','{A=1, B=2, C=3}','[A=1, B=2, C=3]','A',1,58),(5,'class test {\r\n	    public static void main(String args[]) {\r\n	        char ch;\r\n	        String test2 = \"abcd\";\r\n	        String test = new String(\"abcd\");\r\n	        if(test.equals(test2)) {\r\n	            if(test == test2)\r\n	                ch = test.charAt(0);\r\n	            else\r\n	                ch = test.charAt(1);\r\n	        }\r\n	        else {\r\n	            if(test == test2)\r\n	                ch = test.charAt(2);\r\n	            else\r\n	                ch = test.charAt(3);\r\n	        }\r\n	        System.out.println(ch);\r\n	    }\r\n	}\r\n\r\nChoose the one below:','\'a\'','\'b\'','\'c\'','\'d\'','A',1,59),(2,'.class Vehicle {\r\n    public void printSound() {\r\n        System.out.print(\"vehicle\");\r\n    }\r\n}\r\n\r\nclass Car extends Vehicle {\r\n    public void printSound() {\r\n        System.out.print(\"car\");\r\n    }\r\n}\r\n\r\nclass Bike extends Vehicle {\r\n    public void printSound() {\r\n        System.out.print(\"bike\");\r\n    }\r\n}\r\n\r\npublic class Test {\r\n    public static void main(String[] args) {\r\n        Vehicle v = new Car();\r\n        Car c = (Car) v;\r\n        \r\n        v.printSound();\r\n        c.printSound();\r\n    }   \r\n}','Compilation fails.',' \"vehiclecar\" is printed.','\"carcar\" is printed.','An exception is thrown at runtime.','A',1,60),(1,'Given the code. What is the result?\r\n    public static void main(String args[]) {\r\n        try {\r\n            String arr[] = new String[10];\r\n            arr = null;\r\n            arr[0] = \"one\";\r\n            System.out.print(arr[0]);\r\n        } catch(Exception ex) {\r\n            System.out.print(\"exception\");\r\n        } catch(NullPointerException nex) {\r\n            System.out.print(\"null pointer exception\");\r\n        }   \r\n    }','\"one\" is printed.','\"exception\" is printed.','\"null pointer exception\" is printed.','Compilation fails.','A',1,61),(9,'What is the result of executing the following code, using the parameters 0 and 3 ?\r\n\r\npublic void divide(int a, int b) {\r\n	try {\r\n		int c = a / b;\r\n	} catch (Exception e) {\r\n		System.out.print(\"Exception \");\r\n	} finally {\r\n		System.out.println(\"Finally\");\r\n}\r\n','Prints out: Exception Finally','Prints out: Finally','Prints out: Exception','Compile with error','A',1,62),(1,'public class Test21{\r\n	    public static void main(String args[]) {\r\n	        Test21 t;\r\n	        t.method();\r\n	    }\r\n	    public static void method(){\r\n	        System.out.println(\"NullPointerException\");\r\n	    }\r\n	}\r\n','Nothing is printed.','RuntimeException','NullPointerException','Compiler Error','A',1,63),(9,'Which of the below statement is true about Error?','An Error is a subclass of Throwable','An Error is a subclass of Exception','Error indicates serious problems that a reasonable application should not try to catch.','An Error is a subclass of IOException','A',1,64),(9,'public class Test6{\r\n	    public static void main(String args[]) throws Exception{\r\n	        try{\r\n	            throw new Exception();\r\n	        }	        finally{\r\n	            System.out.println(\"No Error\");\r\n	        }\r\n	     }\r\n	}\r\n','No Error followed by java.lang.Exception','java.lang.Exception followed by No Error',' No Error','Compiler Error','A',1,65),(1,'public class Test17 extends A{\r\n	    Test17(int i){\r\n	        System.out.println(i);\r\n	        super(2);\r\n	    }\r\n	    public static void main(String args[]) {\r\n	        Test17 t = new Test17(5);\r\n	    }\r\n	}\r\n	class A{\r\n	    A(int i){\r\n	        System.out.println(i);\r\n	    }\r\n	}','.5 2','2 5','5 5','Compiler error','A',1,66);

/*Table structure for table `scorecard` */

DROP TABLE IF EXISTS `scorecard`;

CREATE TABLE `scorecard` (
  `TestName` varchar(200) default NULL,
  `f_id` int(250) default NULL,
  `id` varchar(100) default NULL,
  `testid` int(100) default NULL,
  `score` int(100) default NULL,
  `total_marks` int(100) default NULL,
  `date` varchar(100) default NULL
) ENGINE=InnoDB DEFAULT CHARSET=latin1;

/*Data for the table `scorecard` */

insert  into `scorecard`(`TestName`,`f_id`,`id`,`testid`,`score`,`total_marks`,`date`) values ('core',6,'Anuprita',5,6,60,'09-09-2017'),('core',6,'2222',5,10,60,'09-09-2017'),('core',6,'komalpatidar',5,7,60,'09-09-2017'),('core',6,'mahesh',5,8,60,'09-09-2017'),('core',6,'Vipin123',5,13,60,'09-09-2017'),('core',6,'devesh.pandey17892',5,19,60,'09-09-2017'),('Test Demo',3,'123',2,8,10,'10-05-2017'),('Test Demo',3,'123',2,8,10,'10-13-2017'),('Test Demo',3,'ram',2,1,10,'10-28-2017');

/*Table structure for table `state` */

DROP TABLE IF EXISTS `state`;

CREATE TABLE `state` (
  `id` int(11) NOT NULL,
  `state` varchar(20) default NULL,
  PRIMARY KEY  (`id`)
) ENGINE=InnoDB DEFAULT CHARSET=latin1;

/*Data for the table `state` */

/*Table structure for table `studentanswer` */

DROP TABLE IF EXISTS `studentanswer`;

CREATE TABLE `studentanswer` (
  `id` varchar(250) default NULL,
  `testid` int(50) default NULL,
  `qid` int(11) default NULL,
  `Ans` varchar(500) default NULL,
  `CorrectAns` varchar(500) default NULL,
  `marks` int(50) default NULL,
  `date` varchar(100) default NULL
) ENGINE=InnoDB DEFAULT CHARSET=latin1;

/*Data for the table `studentanswer` */

insert  into `studentanswer`(`id`,`testid`,`qid`,`Ans`,`CorrectAns`,`marks`,`date`) values ('123',2,16,'A','A',1,'10-05-2017'),('123',2,4,'B','A',1,'10-05-2017'),('123',2,12,'A','A',1,'10-05-2017'),('123',2,61,'A','A',1,'10-05-2017'),('123',2,11,'A','A',1,'10-05-2017'),('123',2,17,'A','A',1,'10-05-2017'),('123',2,50,'B','A',1,'10-05-2017'),('123',2,42,'A','A',1,'10-05-2017'),('123',2,52,'A','A',1,'10-05-2017'),('123',2,5,'A','A',1,'10-05-2017'),('123',2,22,'B','A',1,'10-13-2017'),('ram',2,2,'A','A',1,'10-28-2017'),('ram',2,21,'B','A',1,'10-28-2017'),('ram',2,12,'E','A',1,'10-28-2017');

/*Table structure for table `studentanswerbackup` */

DROP TABLE IF EXISTS `studentanswerbackup`;

CREATE TABLE `studentanswerbackup` (
  `id` varchar(1000) default NULL,
  `testid` int(200) default NULL,
  `qid` int(200) default NULL,
  `Ans` varchar(200) default NULL,
  `CorrectAns` varchar(1000) default NULL,
  `marks` int(200) default NULL,
  `date` varchar(200) default NULL
) ENGINE=InnoDB DEFAULT CHARSET=latin1;

/*Data for the table `studentanswerbackup` */

insert  into `studentanswerbackup`(`id`,`testid`,`qid`,`Ans`,`CorrectAns`,`marks`,`date`) values ('2222',5,4,'C','A',1,'09-09-2017'),('2222',5,49,'D','A',1,'09-09-2017'),('komalpatidar',5,4,'D','A',1,'09-09-2017'),('Vipin123',5,4,'C','A',1,'09-09-2017'),('komalpatidar',5,49,'D','A',1,'09-09-2017'),('Vipin123',5,49,'A','A',1,'09-09-2017'),('mahesh',5,4,'C','A',1,'09-09-2017'),('komalpatidar',5,16,'D','A',1,'09-09-2017'),('Anuprita',5,4,'C','A',1,'09-09-2017'),('2222',5,16,'D','A',1,'09-09-2017'),('mahesh',5,49,'C','A',1,'09-09-2017'),('Anuprita',5,49,'A','A',1,'09-09-2017'),('komalpatidar',5,34,'B','A',1,'09-09-2017'),('Vipin123',5,16,'B','A',1,'09-09-2017'),('komalpatidar',5,6,'C','A',1,'09-09-2017'),('Anuprita',5,16,'D','A',1,'09-09-2017'),('2222',5,34,'D','A',1,'09-09-2017'),('Vipin123',5,34,'D','A',1,'09-09-2017'),('2222',5,6,'A','A',1,'09-09-2017'),('Anuprita',5,34,'D','A',1,'09-09-2017'),('mahesh',5,16,'B','A',1,'09-09-2017'),('komalpatidar',5,17,'B','A',1,'09-09-2017'),('Anuprita',5,6,'A','A',1,'09-09-2017'),('komalpatidar',5,11,'B','A',1,'09-09-2017'),('komalpatidar',5,1,'B','A',1,'09-09-2017'),('Vipin123',5,6,'B','A',1,'09-09-2017'),('mahesh',5,34,'B','A',1,'09-09-2017'),('devesh.pandey17892',5,4,'C','A',1,'09-09-2017'),('mahesh',5,6,'A','A',1,'09-09-2017'),('Anuprita',5,17,'B','A',1,'09-09-2017'),('komalpatidar',5,26,'C','A',1,'09-09-2017'),('Anuprita',5,11,'B','A',1,'09-09-2017'),('devesh.pandey17892',5,49,'A','A',1,'09-09-2017'),('Anuprita',5,1,'B','A',1,'09-09-2017'),('2222',5,17,'B','A',1,'09-09-2017'),('komalpatidar',5,23,'C','A',1,'09-09-2017'),('devesh.pandey17892',5,16,'D','A',1,'09-09-2017'),('Anuprita',5,26,'D','A',1,'09-09-2017'),('Vipin123',5,17,'C','A',1,'09-09-2017'),('komalpatidar',5,50,'A','A',1,'09-09-2017'),('Vipin123',5,11,'A','A',1,'09-09-2017'),('komalpatidar',5,22,'B','A',1,'09-09-2017'),('mahesh',5,17,'A','A',1,'09-09-2017'),('Anuprita',5,23,'D','A',1,'09-09-2017'),('Vipin123',5,1,'B','A',1,'09-09-2017'),('devesh.pandey17892',5,34,'B','A',1,'09-09-2017'),('Anuprita',5,50,'D','A',1,'09-09-2017'),('komalpatidar',5,61,'B','A',1,'09-09-2017'),('mahesh',5,11,'B','A',1,'09-09-2017'),('Anuprita',5,22,'D','A',1,'09-09-2017'),('devesh.pandey17892',5,6,'C','A',1,'09-09-2017'),('Vipin123',5,26,'D','A',1,'09-09-2017'),('2222',5,11,'B','A',1,'09-09-2017'),('2222',5,1,'B','A',1,'09-09-2017'),('Anuprita',5,61,'C','A',1,'09-09-2017'),('komalpatidar',5,12,'C','A',1,'09-09-2017'),('2222',5,26,'D','A',1,'09-09-2017'),('Anuprita',5,12,'A','A',1,'09-09-2017'),('mahesh',5,1,'D','A',1,'09-09-2017'),('devesh.pandey17892',5,17,'A','A',1,'09-09-2017'),('Vipin123',5,23,'C','A',1,'09-09-2017'),('2222',5,23,'C','A',1,'09-09-2017'),('devesh.pandey17892',5,11,'B','A',1,'09-09-2017'),('2222',5,50,'A','A',1,'09-09-2017'),('2222',5,22,'C','A',1,'09-09-2017'),('devesh.pandey17892',5,1,'D','A',1,'09-09-2017'),('Vipin123',5,50,'A','A',1,'09-09-2017'),('mahesh',5,26,'C','A',1,'09-09-2017'),('Vipin123',5,22,'C','A',1,'09-09-2017'),('2222',5,61,'B','A',1,'09-09-2017'),('Vipin123',5,61,'D','A',1,'09-09-2017'),('2222',5,12,'B','A',1,'09-09-2017'),('devesh.pandey17892',5,26,'A','A',1,'09-09-2017'),('mahesh',5,23,'D','A',1,'09-09-2017'),('Anuprita',5,52,'D','A',1,'09-09-2017'),('devesh.pandey17892',5,23,'C','A',1,'09-09-2017'),('komalpatidar',5,52,'A','A',1,'09-09-2017'),('Anuprita',5,68,'B','A',1,'09-09-2017'),('Vipin123',5,12,'A','A',1,'09-09-2017'),('komalpatidar',5,68,'B','A',1,'09-09-2017'),('2222',5,52,'E','A',1,'09-09-2017'),('Anuprita',5,13,'B','A',1,'09-09-2017'),('2222',5,68,'B','A',1,'09-09-2017'),('komalpatidar',5,13,'C','A',1,'09-09-2017'),('mahesh',5,50,'A','A',1,'09-09-2017'),('Anuprita',5,5,'B','A',1,'09-09-2017'),('komalpatidar',5,5,'B','A',1,'09-09-2017'),('mahesh',5,22,'D','A',1,'09-09-2017'),('2222',5,13,'A','A',1,'09-09-2017'),('Anuprita',5,42,'D','A',1,'09-09-2017'),('mahesh',5,61,'B','A',1,'09-09-2017'),('devesh.pandey17892',5,50,'A','A',1,'09-09-2017'),('devesh.pandey17892',5,22,'C','A',1,'09-09-2017'),('mahesh',5,12,'B','A',1,'09-09-2017'),('2222',5,5,'B','A',1,'09-09-2017'),('Anuprita',5,21,'C','A',1,'09-09-2017'),('Anuprita',5,24,'D','A',1,'09-09-2017'),('Vipin123',5,52,'B','A',1,'09-09-2017'),('Anuprita',5,63,'C','A',1,'09-09-2017'),('mahesh',5,52,'E','A',1,'09-09-2017'),('komalpatidar',5,42,'D','A',1,'09-09-2017'),('Anuprita',5,9,'C','A',1,'09-09-2017'),('mahesh',5,68,'C','A',1,'09-09-2017'),('devesh.pandey17892',5,61,'B','A',1,'09-09-2017'),('Anuprita',5,8,'C','A',1,'09-09-2017'),('Vipin123',5,68,'A','A',1,'09-09-2017'),('Anuprita',5,40,'B','A',1,'09-09-2017'),('Vipin123',5,13,'A','A',1,'09-09-2017'),('Anuprita',5,2,'B','A',1,'09-09-2017'),('devesh.pandey17892',5,12,'D','A',1,'09-09-2017'),('mahesh',5,13,'C','A',1,'09-09-2017'),('Vipin123',5,5,'A','A',1,'09-09-2017'),('mahesh',5,5,'C','A',1,'09-09-2017'),('2222',5,42,'D','A',1,'09-09-2017'),('komalpatidar',5,21,'D','A',1,'09-09-2017'),('komalpatidar',5,24,'C','A',1,'09-09-2017'),('komalpatidar',5,63,'C','A',1,'09-09-2017'),('Anuprita',5,54,'D','A',1,'09-09-2017'),('2222',5,21,'E','A',1,'09-09-2017'),('2222',5,24,'C','A',1,'09-09-2017'),('mahesh',5,42,'E','A',1,'09-09-2017'),('Anuprita',5,4,'C','A',1,'09-09-2017'),('Anuprita',5,49,'A','A',1,'09-09-2017'),('komalpatidar',5,9,'B','A',1,'09-09-2017'),('Anuprita',5,16,'D','A',1,'09-09-2017'),('2222',5,63,'C','A',1,'09-09-2017'),('Anuprita',5,34,'D','A',1,'09-09-2017'),('Anuprita',5,6,'A','A',1,'09-09-2017'),('komalpatidar',5,8,'A','A',1,'09-09-2017'),('Anuprita',5,17,'B','A',1,'09-09-2017'),('2222',5,9,'C','A',1,'09-09-2017'),('Anuprita',5,11,'B','A',1,'09-09-2017'),('komalpatidar',5,40,'D','A',1,'09-09-2017'),('Anuprita',5,1,'B','A',1,'09-09-2017'),('Anuprita',5,26,'D','A',1,'09-09-2017'),('Anuprita',5,23,'D','A',1,'09-09-2017'),('Anuprita',5,50,'D','A',1,'09-09-2017'),('Anuprita',5,22,'D','A',1,'09-09-2017'),('Anuprita',5,61,'C','A',1,'09-09-2017'),('Anuprita',5,12,'A','A',1,'09-09-2017'),('Anuprita',5,52,'D','A',1,'09-09-2017'),('mahesh',5,21,'B','A',1,'09-09-2017'),('Vipin123',5,42,'B','A',1,'09-09-2017'),('Anuprita',5,68,'B','A',1,'09-09-2017'),('Anuprita',5,13,'B','A',1,'09-09-2017'),('mahesh',5,24,'D','A',1,'09-09-2017'),('Anuprita',5,5,'B','A',1,'09-09-2017'),('Anuprita',5,42,'D','A',1,'09-09-2017'),('2222',5,8,'A','A',1,'09-09-2017'),('Anuprita',5,21,'D','A',1,'09-09-2017'),('komalpatidar',5,2,'B','A',1,'09-09-2017'),('Anuprita',5,24,'D','A',1,'09-09-2017'),('Anuprita',5,63,'C','A',1,'09-09-2017'),('Anuprita',5,9,'C','A',1,'09-09-2017'),('Anuprita',5,8,'C','A',1,'09-09-2017'),('mahesh',5,63,'C','A',1,'09-09-2017'),('2222',5,40,'B','A',1,'09-09-2017'),('Anuprita',5,40,'B','A',1,'09-09-2017'),('2222',5,2,'B','A',1,'09-09-2017'),('Anuprita',5,2,'B','A',1,'09-09-2017'),('Anuprita',5,54,'D','A',1,'09-09-2017'),('Anuprita',5,37,'C','A',1,'09-09-2017'),('devesh.pandey17892',5,52,'B','A',1,'09-09-2017'),('devesh.pandey17892',5,68,'B','A',1,'09-09-2017'),('Anuprita',5,60,'C','A',1,'09-09-2017'),('Vipin123',5,21,'A','A',1,'09-09-2017'),('Vipin123',5,24,'C','A',1,'09-09-2017'),('2222',5,54,'D','A',1,'09-09-2017'),('mahesh',5,9,'B','A',1,'09-09-2017'),('2222',5,4,'C','A',1,'09-09-2017'),('2222',5,49,'D','A',1,'09-09-2017'),('komalpatidar',5,54,'D','A',1,'09-09-2017'),('2222',5,16,'D','A',1,'09-09-2017'),('2222',5,34,'D','A',1,'09-09-2017'),('devesh.pandey17892',5,13,'B','A',1,'09-09-2017'),('2222',5,6,'A','A',1,'09-09-2017'),('devesh.pandey17892',5,5,'B','A',1,'09-09-2017'),('2222',5,17,'A','A',1,'09-09-2017'),('komalpatidar',5,4,'A','A',1,'09-09-2017'),('Anuprita',5,51,'C','A',1,'09-09-2017'),('2222',5,11,'B','A',1,'09-09-2017'),('komalpatidar',5,49,'D','A',1,'09-09-2017'),('2222',5,1,'B','A',1,'09-09-2017'),('2222',5,26,'D','A',1,'09-09-2017'),('2222',5,23,'C','A',1,'09-09-2017'),('komalpatidar',5,16,'D','A',1,'09-09-2017'),('2222',5,50,'A','A',1,'09-09-2017'),('2222',5,22,'C','A',1,'09-09-2017'),('Anuprita',5,35,'C','A',1,'09-09-2017'),('2222',5,61,'C','A',1,'09-09-2017'),('Vipin123',5,63,'C','A',1,'09-09-2017'),('komalpatidar',5,34,'D','A',1,'09-09-2017'),('2222',5,12,'B','A',1,'09-09-2017'),('Anuprita',5,25,'B','A',1,'09-09-2017'),('komalpatidar',5,6,'A','A',1,'09-09-2017'),('2222',5,52,'A','A',1,'09-09-2017'),('2222',5,68,'B','A',1,'09-09-2017'),('2222',5,13,'A','A',1,'09-09-2017'),('komalpatidar',5,17,'B','A',1,'09-09-2017'),('Anuprita',5,4,'C','A',1,'09-09-2017'),('2222',5,5,'B','A',1,'09-09-2017'),('komalpatidar',5,11,'B','A',1,'09-09-2017'),('2222',5,42,'D','A',1,'09-09-2017'),('mahesh',5,8,'C','A',1,'09-09-2017'),('2222',5,21,'D','A',1,'09-09-2017'),('2222',5,24,'C','A',1,'09-09-2017'),('komalpatidar',5,1,'B','A',1,'09-09-2017'),('2222',5,63,'C','A',1,'09-09-2017'),('mahesh',5,40,'B','A',1,'09-09-2017'),('Vipin123',5,9,'C','A',1,'09-09-2017'),('2222',5,9,'C','A',1,'09-09-2017'),('komalpatidar',5,26,'C','A',1,'09-09-2017'),('2222',5,8,'A','A',1,'09-09-2017'),('2222',5,40,'B','A',1,'09-09-2017'),('mahesh',5,2,'A','A',1,'09-09-2017'),('2222',5,2,'B','A',1,'09-09-2017'),('Vipin123',5,8,'C','A',1,'09-09-2017'),('2222',5,54,'D','A',1,'09-09-2017'),('komalpatidar',5,23,'C','A',1,'09-09-2017'),('Vipin123',5,40,'B','A',1,'09-09-2017'),('Anuprita',5,4,'C','A',1,'09-09-2017'),('devesh.pandey17892',5,42,'A','A',1,'09-09-2017'),('komalpatidar',5,50,'A','A',1,'09-09-2017'),('komalpatidar',5,22,'C','A',1,'09-09-2017'),('komalpatidar',5,61,'B','A',1,'09-09-2017'),('2222',5,37,'C','A',1,'09-09-2017'),('komalpatidar',5,12,'C','A',1,'09-09-2017'),('Vipin123',5,2,'A','A',1,'09-09-2017'),('komalpatidar',5,52,'B','A',1,'09-09-2017'),('komalpatidar',5,68,'C','A',1,'09-09-2017'),('komalpatidar',5,13,'C','A',1,'09-09-2017'),('komalpatidar',5,5,'B','A',1,'09-09-2017'),('2222',5,60,'C','A',1,'09-09-2017'),('komalpatidar',5,42,'C','A',1,'09-09-2017'),('komalpatidar',5,21,'D','A',1,'09-09-2017'),('komalpatidar',5,24,'C','A',1,'09-09-2017'),('mahesh',5,54,'D','A',1,'09-09-2017'),('2222',5,51,'C','A',1,'09-09-2017'),('2222',5,35,'C','A',1,'09-09-2017'),('mahesh',5,4,'D','A',1,'09-09-2017'),('komalpatidar',5,63,'C','A',1,'09-09-2017'),('2222',5,25,'B','A',1,'09-09-2017'),('devesh.pandey17892',5,21,'A','A',1,'09-09-2017'),('2222',5,4,'C','A',1,'09-09-2017'),('mahesh',5,49,'C','A',1,'09-09-2017'),('komalpatidar',5,9,'B','A',1,'09-09-2017'),('devesh.pandey17892',5,24,'C','A',1,'09-09-2017'),('komalpatidar',5,8,'A','A',1,'09-09-2017'),('komalpatidar',5,40,'D','A',1,'09-09-2017'),('komalpatidar',5,2,'B','A',1,'09-09-2017'),('Vipin123',5,54,'D','A',1,'09-09-2017'),('mahesh',5,16,'B','A',1,'09-09-2017'),('devesh.pandey17892',5,63,'D','A',1,'09-09-2017'),('mahesh',5,34,'A','A',1,'09-09-2017'),('mahesh',5,6,'A','A',1,'09-09-2017'),('komalpatidar',5,54,'D','A',1,'09-09-2017'),('devesh.pandey17892',5,9,'C','A',1,'09-09-2017'),('Vipin123',5,4,'C','A',1,'09-09-2017'),('devesh.pandey17892',5,8,'A','A',1,'09-09-2017'),('Vipin123',5,49,'A','A',1,'09-09-2017'),('devesh.pandey17892',5,40,'B','A',1,'09-09-2017'),('komalpatidar',5,37,'C','A',1,'09-09-2017'),('devesh.pandey17892',5,2,'B','A',1,'09-09-2017'),('mahesh',5,17,'D','A',1,'09-09-2017'),('mahesh',5,11,'B','A',1,'09-09-2017'),('mahesh',5,1,'D','A',1,'09-09-2017'),('Vipin123',5,16,'B','A',1,'09-09-2017'),('komalpatidar',5,60,'C','A',1,'09-09-2017'),('mahesh',5,26,'C','A',1,'09-09-2017'),('Vipin123',5,34,'D','A',1,'09-09-2017'),('mahesh',5,23,'D','A',1,'09-09-2017'),('devesh.pandey17892',5,54,'D','A',1,'09-09-2017'),('Vipin123',5,6,'B','A',1,'09-09-2017'),('mahesh',5,50,'B','A',1,'09-09-2017'),('Vipin123',5,17,'C','A',1,'09-09-2017'),('mahesh',5,22,'D','A',1,'09-09-2017'),('devesh.pandey17892',5,4,'B','A',1,'09-09-2017'),('komalpatidar',5,51,'B','A',1,'09-09-2017'),('devesh.pandey17892',5,49,'A','A',1,'09-09-2017'),('Vipin123',5,11,'A','A',1,'09-09-2017'),('devesh.pandey17892',5,16,'D','A',1,'09-09-2017'),('Vipin123',5,1,'B','A',1,'09-09-2017'),('devesh.pandey17892',5,34,'A','A',1,'09-09-2017'),('komalpatidar',5,35,'C','A',1,'09-09-2017'),('mahesh',5,61,'B','A',1,'09-09-2017'),('devesh.pandey17892',5,6,'C','A',1,'09-09-2017'),('mahesh',5,12,'B','A',1,'09-09-2017'),('Vipin123',5,26,'D','A',1,'09-09-2017'),('Vipin123',5,23,'C','A',1,'09-09-2017'),('devesh.pandey17892',5,17,'A','A',1,'09-09-2017'),('devesh.pandey17892',5,11,'C','A',1,'09-09-2017'),('Vipin123',5,50,'B','A',1,'09-09-2017'),('komalpatidar',5,25,'D','A',1,'09-09-2017'),('Vipin123',5,22,'C','A',1,'09-09-2017'),('devesh.pandey17892',5,1,'D','A',1,'09-09-2017'),('komalpatidar',5,4,'B','A',1,'09-09-2017'),('devesh.pandey17892',5,26,'B','A',1,'09-09-2017'),('Vipin123',5,61,'D','A',1,'09-09-2017'),('mahesh',5,52,'E','A',1,'09-09-2017'),('devesh.pandey17892',5,23,'C','A',1,'09-09-2017'),('mahesh',5,68,'C','A',1,'09-09-2017'),('Vipin123',5,12,'A','A',1,'09-09-2017'),('mahesh',5,13,'C','A',1,'09-09-2017'),('Vipin123',5,52,'B','A',1,'09-09-2017'),('mahesh',5,5,'C','A',1,'09-09-2017'),('mahesh',5,42,'C','A',1,'09-09-2017'),('Vipin123',5,68,'C','A',1,'09-09-2017'),('devesh.pandey17892',5,50,'A','A',1,'09-09-2017'),('mahesh',5,21,'B','A',1,'09-09-2017'),('mahesh',5,24,'D','A',1,'09-09-2017'),('mahesh',5,63,'C','A',1,'09-09-2017'),('mahesh',5,9,'B','A',1,'09-09-2017'),('mahesh',5,8,'C','A',1,'09-09-2017'),('Vipin123',5,13,'C','A',1,'09-09-2017'),('devesh.pandey17892',5,22,'A','A',1,'09-09-2017'),('mahesh',5,40,'B','A',1,'09-09-2017'),('Vipin123',5,5,'B','A',1,'09-09-2017'),('mahesh',5,2,'A','A',1,'09-09-2017'),('mahesh',5,54,'D','A',1,'09-09-2017'),('Vipin123',5,42,'B','A',1,'09-09-2017'),('devesh.pandey17892',5,61,'D','A',1,'09-09-2017'),('devesh.pandey17892',5,12,'C','A',1,'09-09-2017'),('mahesh',5,37,'A','A',1,'09-09-2017'),('Vipin123',5,21,'D','A',1,'09-09-2017'),('Vipin123',5,24,'C','A',1,'09-09-2017'),('mahesh',5,60,'C','A',1,'09-09-2017'),('Vipin123',5,63,'C','A',1,'09-09-2017'),('Vipin123',5,9,'C','A',1,'09-09-2017'),('mahesh',5,51,'C','A',1,'09-09-2017'),('devesh.pandey17892',5,52,'A','A',1,'09-09-2017'),('devesh.pandey17892',5,68,'A','A',1,'09-09-2017'),('Vipin123',5,8,'C','A',1,'09-09-2017'),('devesh.pandey17892',5,13,'A','A',1,'09-09-2017'),('devesh.pandey17892',5,5,'B','A',1,'09-09-2017'),('Vipin123',5,40,'B','A',1,'09-09-2017'),('Vipin123',5,2,'A','A',1,'09-09-2017'),('devesh.pandey17892',5,42,'C','A',1,'09-09-2017'),('mahesh',5,35,'C','A',1,'09-09-2017'),('Vipin123',5,54,'D','A',1,'09-09-2017'),('mahesh',5,25,'B','A',1,'09-09-2017'),('mahesh',5,4,'D','A',1,'09-09-2017'),('devesh.pandey17892',5,21,'C','A',1,'09-09-2017'),('devesh.pandey17892',5,24,'B','A',1,'09-09-2017'),('devesh.pandey17892',5,63,'C','A',1,'09-09-2017'),('devesh.pandey17892',5,9,'C','A',1,'09-09-2017'),('devesh.pandey17892',5,8,'A','A',1,'09-09-2017'),('devesh.pandey17892',5,40,'A','A',1,'09-09-2017'),('devesh.pandey17892',5,2,'A','A',1,'09-09-2017'),('devesh.pandey17892',5,54,'B','A',1,'09-09-2017'),('devesh.pandey17892',5,37,'B','A',1,'09-09-2017'),('devesh.pandey17892',5,60,'C','A',1,'09-09-2017'),('Vipin123',5,37,'D','A',1,'09-09-2017'),('Vipin123',5,60,'C','A',1,'09-09-2017'),('Vipin123',5,51,'C','A',1,'09-09-2017'),('Vipin123',5,35,'C','A',1,'09-09-2017'),('Vipin123',5,25,'B','A',1,'09-09-2017'),('devesh.pandey17892',5,51,'B','A',1,'09-09-2017'),('Vipin123',5,4,'C','A',1,'09-09-2017'),('devesh.pandey17892',5,35,'C','A',1,'09-09-2017'),('devesh.pandey17892',5,25,'A','A',1,'09-09-2017'),('devesh.pandey17892',5,4,'B','A',1,'09-09-2017'),('komalpatidar',1,40,'E','A',1,'09-11-2017'),('komalpatidar',1,1,'E','A',1,'09-11-2017'),('komalpatidar',1,16,'E','A',1,'09-11-2017'),('komalpatidar',1,52,'E','A',1,'09-11-2017'),('komalpatidar',1,34,'E','A',1,'09-11-2017'),('komalpatidar',1,10,'E','A',1,'09-11-2017'),('komalpatidar',1,50,'E','A',1,'09-11-2017'),('komalpatidar',1,21,'E','A',1,'09-11-2017'),('komalpatidar',1,49,'E','A',1,'09-11-2017'),('komalpatidar',1,9,'E','A',1,'09-11-2017'),('komalpatidar',1,8,'E','A',1,'09-11-2017'),('komalpatidar',1,12,'E','A',1,'09-11-2017'),('komalpatidar',1,66,'E','A',1,'09-11-2017'),('komalpatidar',1,17,'E','A',1,'09-11-2017'),('komalpatidar',1,61,'E','A',1,'09-11-2017'),('komalpatidar',1,13,'E','A',1,'09-11-2017'),('komalpatidar',1,63,'E','A',1,'09-11-2017'),('komalpatidar',1,5,'E','A',1,'09-11-2017'),('komalpatidar',1,22,'E','A',1,'09-11-2017'),('komalpatidar',1,42,'E','A',1,'09-11-2017'),('komalpatidar',1,4,'E','A',1,'09-11-2017'),('komalpatidar',1,54,'E','A',1,'09-11-2017'),('komalpatidar',1,35,'E','A',1,'09-11-2017'),('komalpatidar',1,37,'E','A',1,'09-11-2017'),('komalpatidar',1,60,'E','A',1,'09-11-2017'),('komalpatidar',1,18,'E','A',1,'09-11-2017'),('komalpatidar',1,56,'E','A',1,'09-11-2017'),('komalpatidar',1,33,'E','A',1,'09-11-2017'),('komalpatidar',1,53,'E','A',1,'09-11-2017'),('komalpatidar',1,55,'E','A',1,'09-11-2017'),('komalpatidar',1,29,'E','A',1,'09-11-2017'),('komalpatidar',1,57,'E','A',1,'09-11-2017'),('komalpatidar',1,41,'E','A',1,'09-11-2017'),('komalpatidar',1,7,'E','A',1,'09-11-2017'),('komalpatidar',1,45,'E','A',1,'09-11-2017'),('komalpatidar',1,38,'E','A',1,'09-11-2017'),('komalpatidar',1,48,'E','A',1,'09-11-2017'),('komalpatidar',1,28,'E','A',1,'09-11-2017'),('komalpatidar',1,46,'E','A',1,'09-11-2017'),('komalpatidar',1,15,'E','A',1,'09-11-2017'),('komalpatidar',1,14,'E','A',1,'09-11-2017'),('komalpatidar',1,44,'E','A',1,'09-11-2017'),('komalpatidar',1,43,'E','A',1,'09-11-2017'),('komalpatidar',1,19,'E','A',1,'09-11-2017'),('komalpatidar',1,31,'E','A',1,'09-11-2017'),('komalpatidar',1,59,'E','A',1,'09-11-2017'),('komalpatidar',1,30,'E','A',1,'09-11-2017'),('komalpatidar',1,47,'E','A',1,'09-11-2017'),('komalpatidar',1,62,'E','A',1,'09-11-2017'),('komalpatidar',1,64,'E','A',1,'09-11-2017'),('shashank',1,42,'A','A',1,'09-12-2017'),('shashank',1,1,'A','A',1,'09-12-2017'),('shashank',1,11,'A','A',1,'09-12-2017'),('shashank',1,63,'B','A',1,'09-12-2017'),('shashank',1,40,'B','A',1,'09-12-2017'),('shashank',1,49,'A','A',1,'09-12-2017'),('shashank',1,4,'A','A',1,'09-12-2017'),('shashank',1,10,'B','A',1,'09-12-2017'),('shashank',1,8,'A','A',1,'09-12-2017'),('shashank',1,9,'C','A',1,'09-12-2017'),('shashank',1,16,'A','A',1,'09-12-2017'),('shashank',1,13,'A','A',1,'09-12-2017'),('shashank',1,52,'A','A',1,'09-12-2017'),('shashank',1,12,'A','A',1,'09-12-2017'),('shashank',1,2,'B','A',1,'09-12-2017'),('shashank',1,50,'A','A',1,'09-12-2017'),('shashank',1,6,'A','A',1,'09-12-2017'),('shashank',1,21,'A','A',1,'09-12-2017'),('shashank',1,22,'A','A',1,'09-12-2017'),('shashank',1,54,'A','A',1,'09-12-2017'),('shashank',1,5,'B','A',1,'09-12-2017'),('shashank',1,61,'A','A',1,'09-12-2017'),('shashank',1,37,'A','A',1,'09-12-2017'),('shashank',1,60,'A','A',1,'09-12-2017'),('shashank',1,51,'A','A',1,'09-12-2017'),('shashank',1,18,'A','A',1,'09-12-2017'),('shashank',1,29,'D','A',1,'09-12-2017'),('shashank',1,57,'C','A',1,'09-12-2017'),('shashank',1,32,'A','A',1,'09-12-2017'),('shashank',1,33,'A','A',1,'09-12-2017'),('shashank',1,55,'C','A',1,'09-12-2017'),('shashank',1,56,'B','A',1,'09-12-2017'),('shashank',1,38,'A','A',1,'09-12-2017'),('shashank',1,7,'A','A',1,'09-12-2017'),('shashank',1,14,'A','A',1,'09-12-2017'),('shashank',1,48,'A','A',1,'09-12-2017'),('shashank',1,45,'C','A',1,'09-12-2017'),('shashank',1,46,'B','A',1,'09-12-2017'),('shashank',1,19,'A','A',1,'09-12-2017'),('shashank',1,58,'A','A',1,'09-12-2017'),('shashank',1,43,'A','A',1,'09-12-2017'),('shashank',1,15,'A','A',1,'09-12-2017'),('shashank',1,28,'A','A',1,'09-12-2017'),('shashank',1,41,'A','A',1,'09-12-2017'),('shashank',1,59,'D','A',1,'09-12-2017'),('shashank',1,31,'A','A',1,'09-12-2017'),('shashank',1,39,'A','A',1,'09-12-2017'),('shashank',1,47,'A','A',1,'09-12-2017'),('shashank',1,62,'A','A',1,'09-12-2017'),('shashank',1,64,'A','A',1,'09-12-2017'),('488',2,66,'A','A',1,'09-21-2017'),('488',2,21,'E','A',1,'09-21-2017'),('488',2,63,'B','A',1,'09-21-2017'),('488',2,9,'A','A',1,'09-21-2017'),('488',2,17,'E','A',1,'09-21-2017'),('navin6890',2,5,'A','A',1,'10-04-2017'),('navin6890',2,17,'A','A',1,'10-04-2017'),('navin6890',2,52,'A','A',1,'10-04-2017'),('navin6890',2,16,'A','A',1,'10-04-2017'),('navin6890',2,10,'A','A',1,'10-04-2017'),('navin6890',2,22,'A','A',1,'10-04-2017'),('navin6890',2,8,'A','A',1,'10-04-2017'),('navin6890',2,9,'A','A',1,'10-04-2017'),('navin6890',2,50,'E','A',1,'10-04-2017'),('navin6890',2,26,'A','A',1,'10-04-2017'),('navin6890',2,2,'A','A',1,'10-04-2017'),('navin6890',2,1,'A','A',1,'10-04-2017'),('navin6890',2,13,'A','A',1,'10-04-2017'),('123',2,50,'A','A',1,'10-05-2017'),('123',2,34,'A','A',1,'10-05-2017'),('123',2,17,'A','A',1,'10-05-2017'),('123',2,12,'A','A',1,'10-05-2017'),('123',2,42,'B','A',1,'10-05-2017'),('123',2,26,'A','A',1,'10-05-2017'),('123',2,13,'E','A',1,'10-05-2017'),('123',2,22,'A','A',1,'10-05-2017'),('123',2,2,'A','A',1,'10-05-2017'),('123',2,66,'A','A',1,'10-05-2017'),('123',2,8,'A','A',1,'10-05-2017'),('123',2,34,'A','A',1,'10-05-2017'),('123',2,17,'B','A',1,'10-05-2017'),('123',2,52,'A','A',1,'10-05-2017'),('123',2,5,'A','A',1,'10-05-2017'),('123',2,9,'A','A',1,'10-05-2017'),('123',2,66,'B','A',1,'10-05-2017'),('123',2,49,'B','A',1,'10-05-2017'),('123',2,6,'A','A',1,'10-05-2017'),('123',2,40,'A','A',1,'10-05-2017'),('123',2,21,'A','A',1,'10-05-2017'),('123',2,10,'B','A',1,'10-05-2017'),('123',2,52,'A','A',1,'10-05-2017'),('123',2,12,'E','A',1,'10-05-2017'),('123',2,34,'E','A',1,'10-05-2017'),('123',2,9,'E','A',1,'10-05-2017'),('123',2,5,'A','A',1,'10-05-2017'),('123',2,2,'B','A',1,'10-05-2017'),('123',2,49,'A','A',1,'10-05-2017'),('123',2,4,'A','A',1,'10-05-2017'),('123',2,61,'A','A',1,'10-05-2017'),('123',2,26,'A','A',1,'10-05-2017'),('123',2,6,'A','A',1,'10-05-2017'),('123',2,1,'A','A',1,'10-05-2017'),('123',2,12,'A','A',1,'10-05-2017'),('123',2,11,'B','A',1,'10-05-2017'),('123',2,4,'A','A',1,'10-05-2017'),('123',2,16,'A','A',1,'10-05-2017'),('123',2,50,'A','A',1,'10-05-2017'),('123',2,17,'A','A',1,'10-05-2017'),('123',2,13,'A','A',1,'10-05-2017'),('123',2,52,'A','A',1,'10-05-2017'),('123',2,16,'A','A',1,'10-05-2017'),('123',2,4,'B','A',1,'10-05-2017'),('123',2,12,'A','A',1,'10-05-2017'),('123',2,61,'A','A',1,'10-05-2017'),('123',2,11,'A','A',1,'10-05-2017'),('123',2,17,'A','A',1,'10-05-2017'),('123',2,50,'B','A',1,'10-05-2017'),('123',2,42,'A','A',1,'10-05-2017'),('123',2,52,'A','A',1,'10-05-2017'),('123',2,5,'A','A',1,'10-05-2017'),('123',2,22,'A','A',1,'10-13-2017'),('ram',2,2,'A','A',1,'10-28-2017'),('ram',2,21,'B','A',1,'10-28-2017'),('ram',2,12,'E','A',1,'10-28-2017');

/*Table structure for table `studentinformation` */

DROP TABLE IF EXISTS `studentinformation`;

CREATE TABLE `studentinformation` (
  `id` varchar(250) NOT NULL default '',
  `name` varchar(50) default NULL,
  `lname` varchar(50) default NULL,
  `mobno` varchar(20) default NULL,
  `email` varchar(50) default NULL,
  `password` varchar(50) default NULL,
  `state` varchar(50) default NULL,
  `city` varchar(50) default NULL,
  `image` varchar(500) default NULL,
  PRIMARY KEY  (`id`)
) ENGINE=InnoDB DEFAULT CHARSET=latin1;

/*Data for the table `studentinformation` */

insert  into `studentinformation`(`id`,`name`,`lname`,`mobno`,`email`,`password`,`state`,`city`,`image`) values ('123','Ram','Sharm','9755552578','ramsharma@gmail.com','122','MadhyaPradesh','Indore','/JS/pic/ATM.jpg'),('1234567','tanmay','dixit','9755555257','ta@gmail.com','123456','MadhyaPradesh','Indore','/JS/pic/IMG_4472.JPG'),('2222','varsha','patidar','8358926299','varsha@yahoo.in','2222','Chattishgarh','Bilaspur','/JS/pic/IMG-20170424-WA0005.jpg'),('488','rajat','rai','7848484848','rajat@gmail.com','123','MadhyaPradesh','Indore','/JS/pic/smiley_at_grass-2048x1152.jpg'),('aadarsh','shrikant','shukla','8817350803','shrikantshukla309@gmail.com','aadarsh@123','MadhyaPradesh','Indore','/JS/pic/IMG_ts4yyx.jpg'),('aman','Aman ','Choukse','9755552578','amanchouksep2@gmail.com','Aman@123','MadhyaPradesh','Indore','/JS/pic/ATM.jpg'),('Anuprita','Anuprita','gangrade','8962515811','anuprita888@gmail.com','anuprita','MadhyaPradesh','Indore','/JS/pic/img_fjords_wide.jpg'),('devesh.pandey17892','DEVESH','PANDEY','8871783230','devesh.pandey17892@gmail.com','devesh123','MadhyaPradesh','Ujjain','/JS/pic/IMG_20170227_204755.jpg'),('heena','Heena','Patidar','8435100190','henapa71@gmail.com','12345678','MadhyaPradesh','Indore','/JS/pic/2015-10-02_122331_picbeauty.jpg'),('heena patidar','heena ','patidar','8435100190','heena0190@gmail.com','12345678','MadhyaPradesh','Indore','/JS/pic/2015-10-02_122331_picbeauty.jpg'),('komal','komal','patidar','8602313016','komal.patidar176@gmail.com','11111','MadhyaPradesh','Indore','/JS/pic/01.jpg'),('komalpatidar','komal','patidar','9977671494','komal.patidar176@gmail.com','komal','MadhyaPradesh','Indore','/JS/pic/06.jpg'),('mahesh','Mahesh','Murumkar','9009000289','amod900@gmail.com','mahesh123','MadhyaPradesh','Indore','/JS/pic/Adlabs.png'),('navin6890','Navin','Jain','9713950147','jain.navin614@gmail.com','navin','MadhyaPradesh','Indore','/JS/pic/photo.png'),('raj','raj','singh','9745547777','raj@gmail.com','123','MadhyaPradesh','Indore','/JS/pic/ATM.jpg'),('ram','Ram','Choukse','9755552578','aman.chouksep@gmail.com','123','MadhyaPradesh','Indore','/JS/pic/ATM.jpg'),('ranu patidar','Heena','Patidar','8435100190','heenapatidar735@gmail.com','123456','MadhyaPradesh','Indore','/JS/pic/2015-10-02_122331_picbeauty.jpg'),('shashank','shashank','sharma','8269227794','shashanksh27@gmail.com','12345678','MadhyaPradesh','Indore','/JS/pic/shashank.jpg'),('Vipin123','Vipin','Vishwakarma','7773895166','vpnvish@gmail.com','77738951','MadhyaPradesh','Indore','/JS/pic/2017-07-12-17-46-12-143 (2).jpg');

/*Table structure for table `subtopic` */

DROP TABLE IF EXISTS `subtopic`;

CREATE TABLE `subtopic` (
  `tid` int(10) default NULL,
  `stid` int(10) NOT NULL auto_increment,
  `subtopic_name` varchar(50) default NULL,
  PRIMARY KEY  (`stid`),
  KEY `FK_subtopic` (`tid`),
  CONSTRAINT `FK_subtopic` FOREIGN KEY (`tid`) REFERENCES `topic` (`tid`) ON DELETE CASCADE
) ENGINE=InnoDB DEFAULT CHARSET=latin1;

/*Data for the table `subtopic` */

insert  into `subtopic`(`tid`,`stid`,`subtopic_name`) values (1,1,'Basics'),(1,2,'Inheritance'),(1,3,'MultiThreading'),(1,4,'Collection'),(1,5,'String'),(1,6,'Generics'),(1,7,'Comaparble'),(1,8,'I/O'),(1,9,'Exception Handling');

/*Table structure for table `test` */

DROP TABLE IF EXISTS `test`;

CREATE TABLE `test` (
  `test_id` int(11) NOT NULL auto_increment,
  `test_name` varchar(30) default NULL,
  `total` int(11) default NULL,
  `duration` int(11) default NULL,
  PRIMARY KEY  (`test_id`)
) ENGINE=InnoDB DEFAULT CHARSET=latin1;

/*Data for the table `test` */

insert  into `test`(`test_id`,`test_name`,`total`,`duration`) values (1,'Core',50,60),(2,'Test Demo',10,1),(3,'kjhjk,m',10,30);

/*Table structure for table `test_topics` */

DROP TABLE IF EXISTS `test_topics`;

CREATE TABLE `test_topics` (
  `test_topicid` int(11) NOT NULL auto_increment,
  `test_id` int(11) default NULL,
  `subtopic_id` int(11) default NULL,
  `no_of_question` int(11) default NULL,
  PRIMARY KEY  (`test_topicid`),
  KEY `FK_test_topics` (`test_id`),
  CONSTRAINT `FK_test_topics` FOREIGN KEY (`test_id`) REFERENCES `test` (`test_id`) ON DELETE CASCADE
) ENGINE=InnoDB DEFAULT CHARSET=latin1;

/*Data for the table `test_topics` */

insert  into `test_topics`(`test_topicid`,`test_id`,`subtopic_id`,`no_of_question`) values (1,1,1,22),(2,1,2,3),(3,1,3,7),(4,1,4,12),(5,1,5,3),(6,1,8,1),(7,1,9,2),(8,2,1,10),(9,3,1,5),(10,3,2,4),(11,3,3,1);

/*Table structure for table `topic` */

DROP TABLE IF EXISTS `topic`;

CREATE TABLE `topic` (
  `tid` int(10) NOT NULL auto_increment,
  `topic_name` varchar(50) default NULL,
  PRIMARY KEY  (`tid`)
) ENGINE=InnoDB DEFAULT CHARSET=latin1;

/*Data for the table `topic` */

insert  into `topic`(`tid`,`topic_name`) values (1,'Core Java'),(2,'AdvanceJava');

/* Trigger structure for table `studentanswer` */

DELIMITER $$

/*!50003 DROP TRIGGER*//*!50032 IF EXISTS */ /*!50003 `backup` */$$

/*!50003 CREATE */ /*!50017 DEFINER = 'root'@'localhost' */ /*!50003 TRIGGER `backup` BEFORE INSERT ON `studentanswer` FOR EACH ROW BEGIN INSERT INTO studentanswerbackup(id,testid,qid,Ans,CorrectAns,marks,date)
VALUES(new.id,new.testid,new.qid,new.Ans,new.CorrectAns,new.marks,new.DATE);
    END */$$


DELIMITER ;

/*!40101 SET SQL_MODE=@OLD_SQL_MODE */;
/*!40014 SET FOREIGN_KEY_CHECKS=@OLD_FOREIGN_KEY_CHECKS */;
/*!40014 SET UNIQUE_CHECKS=@OLD_UNIQUE_CHECKS */;
/*!40111 SET SQL_NOTES=@OLD_SQL_NOTES */;
